DEPTID,DEPARTMENT,01.05.14,01.12.14,01.19.14,01.26.14,02.02.14,02.09.14,02.16.14,02.23.14,03.02.14,03.09.14,03.16.14,03.23.14,03.30.14,04.06.14,04.13.14,04.20.14,04.27.14,05.04.14,05.11.14,05.18.14,05.25.14,06.01.14,06.08.14,06.15.14,06.22.14,06.29.14,07.06.14,07.13.14,07.20.14,07.27.14,08.03.14,08.10.14,08.17.14,08.24.14,09.00.14,09.07.14,09.14.14,09.21.14,09.28.14,10.05.14,10.12.14,10.19.14,10.26.14,11.02.14,11.09.14,11.16.14,11.23.14,12.00.14,12.07.14,12.14.14,12.21.14,12.28.14,01.04.15,01.11.15,01.18.15,01.25.15,02.01.15,02.08.15,02.15.15,02.22.15,03.01.15,03.08.15,03.15.15,03.22.15,03.29.15,04.05.15,04.12.15,04.19.15,04.26.15,05.03.15,05.10.15,05.17.15,05.24.15,06.00.15,06.07.15,06.14.15,06.21.15,06.28.15,07.05.15,07.12.15,07.19.15,07.26.15,08.02.15,08.09.15,08.16.15,08.23.15,08.30.15,09.06.15,09.13.15,09.20.15,09.27.15,10.04.15,10.11.15,10.18.15,10.25.15,11.01.15,11.08.15,11.15.15,11.22.15,11.29.15,12.06.15,12.13.15,12.20.15,12.27.15,01.03.16,01.10.16,01.17.16,01.24.16,02.00.16,02.07.16,02.14.16,02.21.16,02.28.16,03.06.16,03.13.16,03.20.16,03.27.16,04.03.16,04.10.16,04.17.16,04.24.16,05.01.16,05.08.16,05.15.16,05.22.16,05.29.16,06.05.16,06.12.16,06.19.16,06.26.16,07.03.16,07.10.16,07.17.16,07.24.16,08.00.16,08.07.16,08.14.16,08.21.16,08.28.16,09.04.16,09.11.16,09.18.16,09.25.16
11,BOGOT,13.29855382,12.9335302342857,13.2824569928571,13.3634242685714,13.0484266357143,13.30956474,13.3965681514286,13.5566345171429,13.3071942614286,13.5950884342857,14.2818287628571,13.8467014771429,13.72311001,13.9267325171429,13.3734491557143,13.7574074171429,14.4601791714286,13.7363897771429,13.54523903,13.7132689185714,13.3966368385714,14.1386081271429,13.6435027328571,12.3372997142857,12.8533265271429,13.3706165414286,12.6670911442857,12.7874407528571,13.0301216657143,12.99458147,12.9538654457143,12.9062742214286,12.5432634728571,12.5749351671429,12.47410859,12.6487557114286,13.1544162028571,13.2748415957143,12.4398373042857,12.5510643742857,13.4056772671429,13.0397029085714,13.3261283428571,13.7190504557143,13.4753270085714,13.0750371457143,13.2392890228571,13.3959948,13.2710510371429,13.3912482414286,13.1523048285714,12.1629562957143,11.4382723942857,13.4094586071429,13.3366667971429,13.1218609714286,12.9134801257143,13.8368203571429,13.52870013,12.959965,13.8670921428571,14.4758976842857,13.7825907342857,13.7003852957143,13.9889777942857,13.8883777514286,14.0569960414286,13.4860451914286,13.9304986357143,14.12716909,14.24735749,14.09736316,13.70817778,13.5792075642857,13.36833214,13.1910495628571,13.2070827842857,12.9779613457143,13.7085659585714,13.7642586614286,13.2809851971429,13.21824976,14.0371544357143,13.2897768642857,13.6292563871429,13.4641758757143,13.1463846257143,13.8132851771429,13.3621553642857,13.4632806785714,13.8685861428571,13.5809383985714,14.2331794042857,13.3081728257143,13.3588046442857,13.7496016071429,13.83995909,14.33006782,14.1712866957143,13.6231451185714,12.6845188671429,13.6548189214286,13.7551040042857,14.0887234814286,14.7535774157143,13.57065441,13.7091795828571,13.82921241,14.0278979514286,14.6412736714286,15.4303204814286,15.1780502657143,16.0391323971429,15.6506501242857,15.70900435,15.2136230014286,15.53893217,14.9861476471429,15.3160727528571,14.9687559285714,15.2242693285714,14.0774748385714,13.83912049,14.4444459828571,14.6303198057143,13.8750255257143,12.9648440557143,13.2866386685714,13.4288938814286,13.2828776342857,13.7141174157143,13.4984696928571,13.1048048742857,12.8228478571429,13.5306111457143,13.9939485471429,13.3443426,13.0474467371429,13.2704087514286,13.6504380042857,13.2125427585714,13.3454473628571,13.4622084557143
13,BOLVAR,27.05559111,27.6782452942857,27.7664615028571,27.5554625414286,27.85208577,28.36731962,27.8152432842857,27.7101645271429,27.5246600171429,28.3040577885714,28.0672447928571,28.8893911214286,28.9073277828571,29.8326666857143,28.8707166857143,28.83604367,29.0150872642857,28.6363102614286,28.7703763342857,28.7258737285714,28.3791461114286,29.12527395,28.87044594,29.21608316,28.7641148057143,29.0724926842857,29.3387367371429,29.7640945442857,29.7838059757143,28.9085475014286,28.5490931471429,28.5562954114286,28.3406339,27.7795493828571,28.6745976214286,28.3408964671429,27.5383850457143,27.5954930042857,29.0614407514286,27.7381252757143,27.42089664,27.9167161457143,27.68273686,28.4088631257143,27.34879221,28.2110156614286,28.3255069,28.05698891,27.5390253085714,27.5614599685714,28.2595269214286,28.43623903,27.5664620428571,27.9401333985714,26.99672651,27.5876287885714,28.0123286071429,27.7256121085714,28.38090253,28.6574069785714,28.4042208585714,28.6171900442857,27.6540565585714,28.09666699,28.3226742242857,28.8113459457143,28.7554080028571,28.8341240542857,29.5615631128571,29.7716117928571,29.6168696471429,28.7084917,28.3430419371429,28.9437632657143,28.4480962085714,29.8795212657143,30.1834110442857,29.7046745471429,28.7711125971429,28.5164200342857,28.5250876957143,29.2538679242857,29.78074281,28.9303589814286,29.0176085814286,28.5147678885714,29.2656961485714,29.0240475457143,29.31788092,28.75395725,29.1064370628571,29.1950022414286,27.9639508442857,28.74482147,28.1829626085714,27.9279224385714,28.7575788328571,27.42146326,28.5847364071429,28.9995017142857,28.9936048514286,28.6476977114286,29.2546784971429,28.7864518842857,28.56967636,28.1183793771429,28.1478714528571,28.3360415485714,28.12171348,28.9301514285714,28.96871673,28.7833319842857,28.9933612642857,28.9407080957143,29.1465651728571,29.8959514228571,29.5469688271429,29.42170421,29.0333920357143,29.7902720742857,28.65401525,28.74555252,28.8830350628571,30.1867107585714,29.1772191814286,28.2044468971429,28.82580678,28.5376001528571,28.2112175857143,29.2531800314286,29.0069303142857,28.6123128385714,28.3695697,28.55225073,28.5160389742857,28.8949177757143,29.0280703042857,28.6370479785714,27.5357523885714,28.2976440657143,27.95793123,28.3251422371429,28.2905713671429
15,BOYAC,14.3047125214286,14.5880857314286,14.8447012928571,14.8078098257143,14.5040061657143,14.9279208885714,15.03002246,15.1827462071429,14.5477551657143,14.9193092157143,15.7712723185714,15.4230392971429,15.1884415128571,15.7658431671429,14.8006323471429,15.0671789871429,15.6869856042857,14.5890826385714,14.4898014085714,14.8182060485714,14.4483312928571,15.0572033957143,14.4649965585714,13.3470512414286,13.6698390928571,14.4440629514286,13.7082851071429,13.6654376614286,14.1102000185714,14.0881768128571,13.9323093928571,13.8529779714286,13.6337240285714,13.7222798657143,13.8346238014286,14.0011545328571,14.1618436028571,14.4068079514286,13.9057029657143,13.62215113,14.5454318185714,14.2667824514286,14.3658087542857,15.1061998528571,14.5938578585714,14.2017714528571,14.8434447414286,14.7873829257143,14.27728256,14.6299267085714,14.5200058628571,13.7700909985714,13.2514131557143,15.2366102857143,14.5858562757143,14.7651039771429,14.4107229471429,14.8696363128571,15.0505969942857,14.6031534028571,15.1917700242857,16.1224805042857,15.1639787757143,15.2420477442857,15.2503956385714,15.08138993,15.0414322385714,14.7651248914286,15.4310507428571,15.4041426385714,15.58255332,15.1886837957143,14.8086777785714,14.4729763228571,14.3228267328571,14.0281186714286,14.0070561671429,13.9685036728571,14.7609820914286,14.4230468142857,14.0273428871429,14.3429906514286,15.0874577757143,14.4539445414286,14.5616752028571,14.4911569457143,14.58341335,15.1656369628571,14.6830938957143,14.9689451442857,15.2451745871429,15.4263075657143,15.5428259728571,15.12505972,14.7105906028571,14.81506974,15.5174578357143,15.4112041942857,15.6474082114286,14.9376469071429,14.3372392328571,15.1336918142857,15.1560318671429,15.5706293071429,16.2139289742857,15.2570081114286,15.2700772,15.8369934542857,15.9675249342857,16.4764123271429,17.0878060728571,16.7400152714286,17.9331068514286,17.2443915671429,17.3189562985714,17.3215358128571,17.0528040771429,15.9329701271429,16.4474653785714,16.4315327214286,16.2335970814286,14.8190888742857,14.8017123914286,15.54207401,15.8214284114286,14.8278168885714,13.9533552228571,14.1647488242857,14.1277319357143,14.2985689585714,14.7501179,14.3398443185714,14.2266652542857,13.7915823271429,14.5133257957143,15.08844261,14.4635317985714,13.8828079885714,14.15458907,14.5075810257143,14.0363630514286,14.7056659242857,14.5655856028571
17,CALDAS,18.9659460842857,19.9879685928571,20.0595568042857,19.7385604971429,19.5301828828571,19.9623373171429,19.9831931357143,19.7872627085714,19.0251716257143,19.5819995228571,19.7986211814286,20.2927696042857,20.1476238828571,20.2126527514286,19.5132175214286,19.4728173157143,20.0889102971429,19.5466520485714,19.8828147385714,19.8800141042857,19.5809950285714,20.4499381214286,20.31453035,19.8082240757143,19.5359460271429,20.3596421271429,20.29683379,20.607571,20.7131541457143,20.5252058828571,20.1058944585714,20.0284092628571,20.05504625,19.7519557571429,20.0099532614286,19.7252223714286,19.4894424314286,19.6634558928571,19.7888059671429,18.8634953928571,19.54835735,19.2370863614286,19.1309580814286,19.6932146542857,19.0282071142857,19.1316492285714,19.4715180057143,19.94896983,19.0593119,19.3478962014286,20.0284715757143,19.9560297528571,19.6378315657143,20.2891901814286,19.33803538,19.8601888714286,19.6485544428571,19.8071155871429,20.6833313371429,20.1809048571429,20.1629014828571,20.9615360085714,19.7341338214286,19.9739434028571,19.7497999942857,19.7859656171429,19.7308206442857,19.6418509142857,20.1534785342857,20.5890263357143,20.9128661414286,20.55036603,19.8129555885714,20.3035975271429,19.9180972,20.7092310657143,21.05543432,20.8324623757143,20.74141004,20.7213110814286,20.2257411485714,20.5140561485714,21.3947622442857,20.3181309414286,21.17094123,20.8108404914286,20.7772413614286,20.5267412128571,20.7630065385714,20.8782438171429,20.6916408185714,20.4968473,19.8891277471429,19.9751950571429,19.50283167,19.38388346,20.0262594585714,19.7643506814286,20.0668346771429,20.3215410857143,20.1935885628571,20.1707593528571,20.8891243857143,21.3118076814286,21.1296377785714,20.7077918485714,21.1632319942857,21.2014345071429,21.0654779942857,21.3630179128571,22.2098320171429,21.1231338557143,21.7651398085714,21.2593690828571,21.37630951,21.74094343,21.2464543114286,20.5419095214286,20.5249777842857,20.9820246885714,20.32426045,20.1854505714286,20.0522208171429,21.3561686142857,20.7649735685714,20.0448975628571,19.82462872,20.1607331714286,20.1245640571429,20.3502297157143,20.5424034885714,20.17788263,19.9094687228571,20.0648925485714,20.9038206814286,20.9678732328571,20.8702863757143,20.5160702328571,19.75205072,20.1115890614286,19.6805955442857,20.0779827114286,19.9355730742857
18,CAQUET,23.8605719957143,24.9885560585714,25.71737307,25.75799601,25.0185547385714,25.26513656,25.5328413857143,24.6963685928571,23.9478642657143,24.9804668142857,24.03124206,24.7791188685714,24.9441840614286,24.9460831157143,24.51073916,24.4169730385714,24.7123304942857,24.5980317514286,24.6905081514286,24.7295340614286,23.9398976471429,24.3723858485714,24.2045856342857,23.55569199,23.5179409528571,23.5843518628571,23.1128109585714,24.1336143271429,24.0327976842857,23.6729802957143,24.15194863,23.6828206271429,23.2779883742857,23.66966157,24.4437171628571,24.20981009,24.6062020442857,24.7534135157143,25.2533954314286,24.9870337942857,25.4298106114286,24.86295282,24.9489321471429,25.2371141342857,24.5934560628571,25.0599698142857,25.0214802028571,25.7095986885714,24.8074905085714,25.1400443,25.5869583157143,25.8750817785714,25.69994463,25.7254944757143,24.1418450314286,25.1284162842857,25.2006279371429,25.0886533042857,25.7875001614286,25.58525074,24.8840552885714,25.4945469671429,24.2796159342857,24.4630453114286,24.0322789828571,24.8501245171429,24.5225957185714,24.5852459614286,25.00779782,25.1385878814286,24.9796928757143,24.7820916857143,24.2721217971429,24.6857530157143,23.8239389357143,24.6557836214286,24.4183851685714,24.5817685685714,23.7987787514286,23.8328169285714,23.55392179,23.7453838757143,24.9001648942857,24.1992093542857,24.2791072157143,24.5897273742857,24.2671148628571,25.3396892942857,25.6500911742857,25.7512007142857,26.0236649585714,26.4121069585714,25.2055274128571,25.9011111185714,25.6655163728571,24.9414430814286,25.94051487,25.7177458328571,26.2248792828571,26.1267747657143,26.7336624457143,26.01551901,26.6506581757143,27.2148892914286,26.1062941257143,26.8796566714286,27.2735879771429,26.95064042,26.3598343957143,26.5902944257143,27.0606290157143,26.3538141642857,26.1048536157143,26.0732399628571,25.5692430571429,26.0082914328571,25.2485270057143,25.4585769814286,25.2033114114286,25.0929314785714,24.8096797,25.3589360571429,25.08734676,25.7667404014286,25.0735436957143,24.0338644685714,23.7946263471429,23.6285626557143,23.9967342828571,24.3595211771429,23.34665384,23.87845026,22.97465807,22.9612334214286,23.94710659,24.4569132542857,24.3230595271429,23.8193164642857,23.8137115542857,24.6176475185714,24.3265516171429,24.1348328542857,24.53305236
19,CAUCA,18.5781943414286,19.2391740871429,19.7921920285714,19.7309348157143,19.1715637157143,19.55503898,19.7699528285714,19.4532967042857,18.6743969157143,19.5093252585714,18.9430553728571,19.8960041485714,19.8555045271429,20.0185061357143,19.6156159257143,19.43172622,19.6383653885714,19.3762631728571,19.5858373971429,19.5824650228571,19.0510095614286,19.9263483957143,19.8453659914286,19.2704167542857,19.1319558242857,19.7508520785714,19.6462387357143,20.3185547442857,20.3380516271429,20.11122442,19.9562944428571,19.8585211771429,19.64559109,19.6958744928571,19.7955287485714,19.7820913371429,19.8273762671429,19.8451050114286,19.90370421,19.3561329557143,19.8875563671429,19.4203217657143,19.3159075457143,19.6542765128571,19.06818837,19.1494832142857,19.3040571014286,19.8912889428571,19.12086831,19.4365471114286,19.8567679671429,19.8577680814286,19.7742046885714,20.0162870628571,18.8932278528571,19.4607125471429,19.8323159028571,19.56288733,20.2856450828571,19.8107225685714,19.8257620914286,20.59499592,19.3297698771429,19.3298097571429,19.4320533842857,19.6433635171429,19.6929115557143,19.6613732371429,19.93607447,19.97912239,20.2260704014286,20.0299824528571,19.2320126542857,19.9690902357143,19.4305870514286,20.4409295771429,20.5157266328571,20.4699164985714,20.2180183342857,20.12995324,19.5920739628571,19.9197451514286,21.1101527557143,20.3266746757143,20.7953640285714,20.5688296871429,20.3923787171429,20.5870909228571,20.7154544414286,21.1443772128571,20.8386247314286,20.4248511442857,19.8673683314286,19.9970714614286,19.6765468614286,19.14972478,20.0802305442857,19.7572876814286,20.2882224414286,20.1796584228571,20.2304357714286,20.1665064785714,20.72059818,21.4598720442857,20.7032309328571,20.9029193614286,21.1926063557143,21.0228972471429,20.6871837771429,21.1509946285714,21.6455079942857,21.0118319585714,21.1326947742857,20.7768889442857,20.8248431185714,21.02930349,20.6907681728571,20.6389114057143,20.4395944028571,20.72285678,20.2658681414286,20.3306524614286,19.8137280985714,20.94184003,20.3908479585714,19.5351789814286,19.30284374,19.4994052042857,19.7522518485714,19.8877772071429,19.7668266357143,19.7725782028571,19.0923262842857,19.2822780785714,20.6197577514286,20.9938830285714,20.7782940314286,20.0995441928571,19.5857548971429,20.3448390957143,19.4773610742857,19.9560062742857,19.6680147914286
20,CESAR,25.93603742,26.8376628314286,26.8470336385714,26.6518037771429,27.0435059728571,27.6041129828571,27.0594102185714,26.9442280642857,26.54177708,27.4544197242857,27.51836595,28.1431960814286,28.0465234814286,29.1677250342857,27.9140391485714,27.7964582728571,27.9441942471429,26.7974011614286,27.0066422414286,27.1845318242857,26.8588726114286,28.1715174085714,27.8987340357143,28.03838407,27.8157130542857,28.3449143457143,28.4031825085714,28.9166272357143,29.1517296028571,28.2537801642857,27.4974827171429,27.3947669114286,27.4225188557143,26.7239429357143,27.5281679042857,27.2160381357143,26.2482938571429,26.2258915842857,27.2306991514286,25.7827857442857,25.8581751542857,26.1877441328571,25.9977215757143,26.7632421357143,25.8416649285714,26.3620430942857,26.5998707928571,26.6692596785714,26.1147780257143,26.0535936257143,26.7343107385714,27.0523925,26.5606635671429,27.28852362,25.86168025,26.5053166028571,26.9331440171429,26.6329196228571,27.3337394957143,27.7270757728571,27.5514293785714,28.2558505028571,26.9810671171429,27.5818869628571,27.5078431071429,27.8241975157143,27.7861631542857,27.85101298,28.5943940514286,28.4644318328571,28.3946586485714,27.5831189242857,27.2127402342857,27.9010982314286,27.4797199642857,28.7386338628571,28.8356929771429,28.82659561,28.3362274485714,27.6968020014286,27.6782524385714,28.7291815271429,28.92407465,28.0185313714286,27.94325547,27.5837550585714,28.2441168628571,28.0721991,27.9854706928571,27.6640684257143,27.7230393614286,27.6722529842857,26.6450448642857,27.0278908928571,26.3441318228571,26.2518233628571,27.05806315,25.94112949,26.8437693185714,27.3846868942857,27.7778594528571,27.2278339814286,27.6947211085714,27.4368327642857,27.5620139085714,27.0349450814286,27.0536263285714,27.5863347557143,27.4822104428571,28.3488127671429,28.2537486228571,28.1085053871429,28.5220121442857,28.3263723428571,28.7732738457143,29.6854452185714,28.8895723757143,28.19659669,27.8954711385714,28.5931566514286,27.6673473142857,26.9397247957143,27.2197083285714,28.5684893457143,27.7769263214286,26.9582056928571,27.6102513857143,27.2761795385714,27.00395342,28.1645407557143,28.36485776,27.97100114,27.8415137028571,27.8785988071429,27.3501227957143,27.9495881571429,28.1178704385714,27.5884653085714,26.4870430028571,26.9372335985714,26.7068121285714,27.3355766128571,27.1730387971429
23,CRDOBA,27.0501466228571,28.0762609971429,28.1104865071429,27.85012799,28.0713049842857,28.5573010428571,28.2565772157143,27.9459009714286,27.3008806328571,28.4130763842857,27.75638462,28.9921586685714,29.0108839428571,29.7655133042857,28.8969129342857,28.45864505,28.3229963314286,28.1524676228571,28.1850998785714,28.0544400385714,27.7484267114286,28.3493179342857,27.8643769071429,28.6498683414286,27.9537788328571,28.52967537,28.7911713057143,29.0853481371429,29.1012487471429,28.1530212757143,28.1793593471429,27.8905306157143,27.5842090057143,27.3296094771429,27.97914554,27.4724295942857,27.0538417657143,27.2232955257143,28.2731721357143,27.3222753685714,26.9340781142857,27.40985105,27.3339624557143,27.82183393,26.9412801771429,27.7593206028571,27.6978715671429,27.8416801171429,27.30005592,27.37233311,28.21871764,28.6325600685714,28.15837558,28.2595440914286,27.1127797414286,27.89398486,28.22634335,27.8028357414286,28.7549216185714,28.9419229057143,28.7239930028571,29.0740354771429,27.8726070642857,28.2055464314286,28.19819851,28.8063525257143,28.4743252642857,28.7927292842857,29.2189686814286,29.0754148742857,29.0856611271429,27.9976683957143,27.5001126985714,28.1820695357143,27.7760422957143,29.3039741128571,29.7171442742857,29.41200319,28.2187885185714,27.7428068371429,27.8544597171429,28.5477096214286,29.2942841914286,28.1927238971429,28.4250812014286,28.0512759971429,28.1901053785714,28.1678664757143,28.6296308728571,28.0515871228571,28.5290606685714,28.3859267242857,27.4697465371429,28.0313908614286,27.5246702242857,27.5604641328571,28.0289153457143,27.0841180142857,28.1238899557143,28.7034836028571,28.9451225114286,28.3552830014286,29.3297532957143,29.0814751428571,28.8791095028571,28.5674657914286,28.7389809357143,28.7561744342857,28.7226679385714,29.2348336228571,29.4676042414286,29.0488904457143,29.0693598485714,29.2434657071429,29.2159452357143,29.96992534,29.5673482757143,29.3464963128571,28.9481608228571,29.5833221871429,28.3152433285714,28.37322442,28.3136407128571,29.5263068914286,28.5948095271429,27.6184849171429,28.09459196,28.0154963071429,27.5733083671429,28.7499196742857,28.4163184957143,27.96044279,27.6859067885714,27.9244913757143,28.1883699457143,28.3879465785714,28.3408952128571,27.9387551885714,26.9337484857143,27.5346059828571,27.26447245,27.3492487971429,27.3564289028571
25,CUNDINAMARCA,15.3811588085714,15.4172087442857,15.7351720685714,15.7445515057143,15.4538028842857,15.7540878914286,15.8402283714286,15.8172720671429,15.4350901628571,15.8273101857143,16.3758027028571,16.1160694328571,16.1307896128571,16.3759156,15.7401472771429,15.9365061957143,16.6505465471429,15.88409384,15.8066423028571,15.9565847285714,15.60677789,16.32083346,15.8981164457143,14.7903195785714,15.1300034428571,15.7903014971429,15.2363762857143,15.4958109857143,15.7224101528571,15.6172634314286,15.5123315385714,15.4190013828571,15.1431582742857,15.0860274114286,15.2402290871429,15.2571068071429,15.56151444,15.7058218614286,15.1169385271429,14.8685684985714,15.7155266342857,15.3156719057143,15.4986406171429,15.8706566414286,15.5021137457143,15.2729152771429,15.4672848114286,15.67003258,15.3625789728571,15.5148681314286,15.48644682,14.8013679557143,14.2544968728571,15.9006193571429,15.4984525357143,15.5463574228571,15.3286921457143,16.0447432371429,16.0405434685714,15.5464803042857,16.1456531885714,16.8219677171429,15.9607626285714,15.9860653528571,16.1225533842857,16.2105060628571,16.2123525571429,15.80100298,16.3184862871429,16.5042925885714,16.6112285928571,16.3877025457143,15.9388982671429,15.9186321957143,15.6356023571429,15.6962545571429,15.7195737542857,15.6699492085714,16.2081789657143,16.22172554,15.7324517471429,15.8096164328571,16.6450078871429,15.8055830642857,16.2596122785714,16.0985209014286,15.9165392971429,16.36109254,16.1494184371429,16.2844835885714,16.43647791,16.1602823357143,16.3796702428571,15.82069464,15.7302921457143,15.8397996028571,16.0890368528571,16.3893055457143,16.33461866,15.9504190985714,15.2650013828571,15.93784051,16.1890292028571,16.5414513171429,17.0318305528571,16.1063798642857,16.3359085057143,16.4451858957143,16.5852424085714,17.0933933342857,17.8870182857143,17.4225421457143,18.1914966985714,17.8146908414286,17.7967398271429,17.59226464,17.6049104442857,17.0966979142857,17.3101876085714,17.1775005285714,17.1808535757143,16.2730325871429,16.0839354071429,16.8516664285714,16.84669709,16.0431514728571,15.3393583485714,15.57815705,15.7020464014286,15.7396741514286,16.1284383985714,15.9293218014286,15.5132496771429,15.3319298285714,16.0489775785714,16.4419566742857,15.9711366528571,15.6700478542857,15.6432097971429,16.0383470585714,15.6328011571429,15.8755194342857,15.91870169
27,CHOC,24.7817956642857,26.0094428928571,26.0587199985714,25.8655974285714,25.6234340571429,25.9790324414286,25.85034721,25.5276976957143,24.9957697971429,26.0672090185714,25.3835423242857,26.5290824014286,26.67959962,26.8108420771429,26.2490846928571,25.9981169942857,26.2057053771429,25.9012745385714,26.3827991114286,26.2018603742857,25.8924934442857,26.3661864971429,26.39123531,26.5565729971429,25.8366299371429,26.4040541,26.6063302814286,26.9751467042857,26.89094582,26.3422601157143,26.27516146,25.93563524,25.7295685214286,25.6323417,26.2685501357143,25.72624568,25.48515138,25.6584351885714,26.4762046957143,25.6133208842857,25.5808463242857,25.5729909542857,25.5069939328571,25.8955445385714,25.1529424414286,25.8480694971429,25.6588950285714,25.9787514771429,25.3467728028571,25.2606079028571,26.4150613042857,26.8502241942857,26.5107485,26.1263546842857,25.1331735757143,25.7959525814286,25.7549226342857,25.7245160214286,26.66336783,26.4979136671429,26.2846541557143,26.74981097,25.6454009142857,25.9103371314286,25.8264462328571,26.4162493357143,26.2963822028571,26.5016554828571,26.7392207271429,26.8228694514286,27.0486076942857,26.5631179357143,25.7668352757143,26.4390225285714,25.9441210914286,27.32247608,27.7580250757143,27.4032439357143,26.1826431871429,26.17743047,26.0355755142857,26.4395095814286,27.2257650385714,26.00667863,26.70982406,26.3919236542857,26.5884395871429,26.2914424371429,27.0425774714286,26.7172239971429,27.0297542,26.6751716242857,25.7079477757143,26.2150120585714,25.68174809,25.7707536242857,26.16320847,25.54038515,26.2997875228571,26.7421068442857,27.00653681,26.3095343457143,27.4322124214286,27.5781924757143,26.9421197557143,26.8790313557143,27.5013208585714,26.9413712385714,26.5643353928571,26.9666984328571,27.4681115657143,26.5749213828571,26.7283605257143,26.88166146,26.6658746371429,27.3957970685714,26.9334650728571,27.2465317557143,26.5996658628571,27.0734433471429,26.0912988128571,26.62238255,26.4853699128571,27.8547612714286,26.7460998971429,25.9897153528571,26.0869306371429,26.2845285271429,26.0466319414286,26.7576232957143,26.02602679,25.8782125371429,25.6297581957143,25.8558926128571,26.5268684885714,26.4660018357143,26.4260007428571,26.2412011785714,25.3649318042857,25.9764598014286,25.6975841871429,25.5703764028571,25.7398572642857
41,HUILA,21.4733701014286,22.6097874914286,23.2317478242857,23.0665426528571,22.54889666,22.9716539528571,23.1922087457143,22.5140607457143,21.8264479185714,22.7331539885714,22.1415670814286,22.8744715457143,23.2571112714286,23.59561196,23.0437166842857,22.5741627642857,22.98279651,22.4730632085714,22.6942066128571,22.7595160885714,22.1547394542857,23.0764607228571,23.00419631,22.5616815842857,22.3996142728571,22.95189287,22.6277785542857,23.5941547071429,23.6425901885714,23.3607888157143,23.1697977114286,23.0293435228571,22.9359386557143,22.8942447471429,23.6061921471429,23.40837979,23.28529011,23.44263657,23.68158291,22.7747628285714,23.5665226671429,22.8398864485714,22.4594615042857,22.7333692114286,21.9618362814286,22.2448434571429,22.5643156828571,23.1833112142857,21.9888981257143,22.46718223,22.9933684814286,23.2090565571429,23.1692466585714,23.44355142,21.8082319371429,22.7831502442857,22.92142669,22.5812402314286,23.5881807971429,23.2552314414286,23.1187745185714,24.0582804085714,22.6054521771429,22.7088255271429,22.3856396614286,23.1629974785714,22.7332970528571,22.8346179057143,23.4160057757143,23.5446306585714,23.5653617642857,23.3487274942857,22.6336367671429,23.2773890342857,22.77011953,23.8558945785714,23.6432455014286,23.8233497071429,23.5293791157143,23.4670829228571,22.8332832614286,23.1836656714286,24.4318339771429,23.4955069214286,24.0936376014286,24.1317713642857,24.0006004157143,24.2006227685714,24.7793492428571,25.3147245242857,24.4885089528571,24.6560858628571,23.2071477042857,24.1075270157143,23.6892432457143,22.2948603571429,23.5448505485714,23.1452874642857,23.5645482228571,23.4635710085714,23.8520002042857,23.4596827742857,24.04976976,24.7537756342857,23.7977886971429,24.2924862757143,24.7082762114286,24.5782142771429,24.2214851757143,24.4295660014286,25.0819819185714,24.2580659714286,24.4127421742857,24.17204128,23.9597950085714,24.5429252157143,23.6512351028571,23.4657491071429,23.2513353685714,23.7072963585714,23.05493912,23.3700845114286,22.9305106071429,24.1868855771429,23.4661559142857,22.6130447971429,22.7153826842857,22.6286734457143,22.9771238271429,23.2145343942857,22.8948875528571,23.1022991057143,22.1475290342857,22.4476364328571,23.6891402714286,23.93144202,24.0632849071429,23.2443603371429,22.7788428657143,23.4372338942857,22.7526072714286,23.4506168728571,23.0836386785714
44,LA GUAJIRA,26.6717794985714,27.3135412742857,27.1096476714286,27.0567874257143,27.5387387485714,28.0667750471429,27.1846673,27.1658833071429,26.88604911,27.8542899771429,28.0793385042857,28.61360255,28.2795961528571,30.0936155857143,28.4702116228571,28.7974199371429,29.2276768528571,27.9493320557143,28.3036494642857,28.8043589771429,28.3302401542857,30.4082773385714,30.0845472857143,30.2691275457143,30.0649114371429,30.3736861428571,30.2886447771429,30.9424338057143,31.1398985685714,30.3252597485714,29.5127559228571,29.4603402371429,29.6954712514286,28.7047997728571,29.7072928928571,29.5815772857143,28.0851021528571,27.7794198928571,29.26918679,27.3336852057143,27.5393601914286,28.0695570414286,27.3067946828571,27.9675060142857,27.0147176671429,27.5032128442857,27.8710855042857,27.6009924085714,27.0557712785714,26.8473287057143,27.4572195657143,27.6265805557143,26.8431669357143,27.57728311,26.27161942,26.6371333428571,27.1909915271429,26.9605548785714,27.4107895885714,28.0859789928571,27.8394514742857,28.3111671371429,27.0464536828571,27.6203255657143,27.9378427228571,28.6623016257143,28.9213481042857,28.47889504,29.5331873514286,30.2697521571429,30.0711022871429,29.0706373814286,28.9222010785714,29.8661249842857,29.7208235128571,31.0155015942857,30.8974299985714,30.7102207342857,30.3438936671429,29.6582238214286,29.5757941828571,30.81727365,31.1282273528571,30.35879221,30.3303535757143,29.6547417185714,31.0922020114286,30.2657863157143,29.9536703314286,29.8349796228571,29.0650628342857,29.6883270185714,28.3690914214286,28.8043973357143,28.1078198871429,27.3116430971429,28.3414477271429,27.1398600528571,27.9592352142857,28.3318223285714,28.5887323971429,27.9718059628571,28.1902896128571,27.7863993628571,27.6549627442857,26.9512562628571,26.6241994414286,27.3378607814286,27.1433712514286,28.29492436,27.9794669385714,28.2399215657143,28.38169038,28.26404316,28.86998857,29.6090646671429,29.2198606385714,28.5915110642857,28.5370786342857,29.1535365742857,28.26623194,27.9933983242857,28.33275111,29.9970609742857,28.9794450314286,28.4525468885714,29.7189675214286,29.1677630414286,28.8021213057143,30.1021132014286,30.4048520042857,29.9805333271429,29.8202940971429,29.93761374,29.3137082785714,29.8767915157143,30.4869490314286,29.5716947685714,28.5016368271429,28.6974108,28.4454173257143,29.4019148728571,28.9421750771429
47,MAGDALENA,26.6995419042857,27.1893568442857,27.23017482,27.1176272128571,27.6069391085714,28.1305584271429,27.4496651157143,27.3898261585714,27.1188868585714,27.9685300514286,27.8180238442857,28.5117158485714,28.4893793928571,29.6641800985714,28.5503217128571,28.6654667285714,28.7852331471429,28.0559817542857,28.2313379614286,28.3026523871429,27.9577812585714,29.0230176942857,28.8260987771429,28.9625034728571,28.69598465,28.9515305114286,29.16258782,29.5703727642857,29.6438210142857,28.7360935514286,28.1711060457143,28.2189152257143,28.0781755628571,27.4056772142857,28.4235158685714,28.1569576771429,27.1813090028571,27.0986006785714,28.4435552271429,27.0178195928571,26.8354896514286,27.3569256242857,27.0139673171429,27.6729306185714,26.7141147657143,27.4442576085714,27.5255706828571,27.42861895,27.0965210771429,26.93059533,27.5365859285714,27.74021372,26.8926055085714,27.5252563542857,26.5193414714286,26.9408534185714,27.6030967885714,27.3506601585714,27.9283435614286,28.3055936728571,27.9452894528571,28.2703621385714,27.2386579071429,27.7572302071429,28.1258010571429,28.5946815414286,28.6823508214286,28.6205948671429,29.2950938842857,29.3757374342857,29.2368501657143,28.4083171414286,28.0795604628571,28.7259571728571,28.3075517528571,29.68023026,29.9020311085714,29.4803702971429,28.7327552,28.3111333971429,28.3309732971429,29.2503702771429,29.6150847028571,28.7862517271429,28.7485139185714,28.1672644914286,29.2373911242857,28.9741547514286,29.0066835314286,28.4422385328571,28.5710736714286,28.6145823142857,27.5301128814286,28.0097874914286,27.4999544757143,27.18678877,27.9231669114286,26.6282109185714,27.7395388042857,28.3516512057143,28.4361278228571,28.0358701042857,28.4886788628571,28.0281297957143,27.9909808542857,27.4378523114286,27.3360386314286,27.7238241171429,27.7045968057143,28.5792674785714,28.5174092785714,28.49566694,28.62903165,28.4364053857143,28.8648815242857,29.54292815,29.2441672814286,29.0288802157143,28.6265964371429,29.4546454685714,28.4194897985714,28.0776769871429,28.3739139771429,29.67940186,28.67604995,27.8041572271429,28.4878402442857,28.1690076357143,27.8470635385714,28.9435894471429,28.8321919185714,28.4341817571429,28.2503062642857,28.3832323242857,27.9515090857143,28.5796105214286,28.8244258642857,28.2763280314286,27.2643283342857,27.92557433,27.5213774471429,28.115843,27.9027204328571
50,META,24.6322805728571,26.3113659342857,26.7411213585714,26.6386505271429,26.5057853014286,27.04499108,27.2652165942857,26.1857232228571,25.3234325671429,26.3536196042857,25.9816972328571,26.0436596814286,26.5562815585714,26.4905573557143,25.6934650414286,25.2791770471429,26.1558015957143,25.2834428385714,25.4554300257143,25.6549419942857,24.8541905414286,25.3070248228571,25.0088155114286,24.1866721828571,24.3278650014286,24.6832651457143,24.0218345857143,25.0739870171429,25.1026577957143,24.81785784,25.1050149642857,24.6908717685714,24.34606448,24.3921924471429,25.6974035271429,25.2059329285714,25.3410280528571,25.5454921314286,26.0767478985714,25.1490169471429,25.95322843,25.3297509271429,25.35948472,25.9249892814286,24.9223482371429,25.43836461,25.7092079457143,26.0740018142857,25.1015637971429,25.3872415271429,25.8945604657143,26.3020122842857,26.34747176,26.9593267714286,25.1154184014286,26.4388780442857,26.0973593057143,26.3138747271429,27.2019948114286,27.1513255685714,26.6646986742857,27.6474762271429,26.1322993257143,26.6549352828571,25.4167009542857,26.27490808,25.5448867314286,25.5177069657143,26.4820803028571,26.5369738814286,26.2534737542857,25.7816353214286,25.47506177,25.4158604671429,24.7768532142857,25.4015747914286,24.9235877871429,25.43686438,25.0522628614286,25.0464292628571,24.60830411,24.9532052628571,25.9596920514286,25.0566381585714,25.4409152242857,25.7283685428571,25.6764946942857,26.1991613142857,26.7887315128571,27.0332736657143,26.9175567757143,27.5316322514286,25.9986914714286,26.8739396057143,26.5014797771429,25.5567898,26.5817403957143,26.3219690385714,26.6448573328571,26.4325023085714,26.9196498585714,26.3315746714286,26.8519310928571,27.2506749228571,27.0639545514286,27.3531219114286,27.81951776,28.0640728857143,28.19141488,28.0792876571429,28.89057642,27.8538794085714,28.2790586471429,28.2170727814286,27.2648407757143,28.4240388342857,26.67565066,26.2554574757143,25.9590324057143,26.1001962871429,25.4888857528571,25.5832175357143,25.5878827,26.5705451242857,25.9697297457143,24.92939688,24.8719636542857,24.3831702785714,24.6501921914286,25.1673845842857,24.5643412514286,25.0036178042857,24.2186604714286,24.1244500857143,24.8430141771429,25.2335420942857,25.3060949328571,24.6903485814286,24.69381155,24.9750831585714,24.5447230471429,25.2060616428571,25.2713046157143
52,NARIO,16.3149810357143,16.5120246971429,17.0284828871429,17.3654621228571,16.4636109871429,16.5749906642857,16.9117429742857,16.8974861071429,16.2009564428571,17.2570237842857,16.0178440871429,17.4311447,17.2014190042857,17.2162694157143,17.0105906457143,17.1441696171429,16.9746415171429,17.2739298728571,17.2777968,17.2174656485714,16.6211318228571,17.4186532471429,17.3083414485714,16.6144197414286,16.64833555,16.7419963842857,16.6021531642857,17.1431839942857,17.0695903014286,16.8349199528571,16.7032938214286,16.39592676,15.7847662757143,16.3023101571429,16.2327526442857,16.4624593128571,16.9731788342857,16.8479249371429,16.7167646985714,17.0426188842857,17.1916463628571,16.8588892257143,17.2505084228571,17.1895285128571,17.0284955814286,16.9526088942857,16.6791069785714,17.0140470328571,16.9859930914286,17.0618183671429,17.0989925257143,16.9206381057143,16.8514357442857,17.0249457514286,16.4987716971429,16.5911248985714,17.2455777514286,17.1453233114286,17.2892574114286,16.8847194185714,17.2475775571429,17.6555298128571,16.7195389785714,16.5786040428571,16.9919644371429,16.9569444242857,17.3994156485714,17.3509364828571,17.2745456471429,17.1957502671429,17.4733581242857,17.3584747242857,16.6226318114286,17.5188371214286,16.82980146,17.7307632042857,17.8678872571429,17.5871757442857,17.1373063642857,16.8568194328571,16.6347108471429,16.8031351242857,17.5622672257143,17.06437387,16.9547322414286,16.8675832185714,16.7625232085714,17.5217975542857,17.2337010857143,17.4967067028571,17.7875482442857,17.2555734,17.4860855342857,16.9823601771429,16.9260620114286,16.9123578771429,17.3812682085714,17.2931256914286,17.9323465242857,17.5252710928571,17.2872208814286,17.4735719785714,17.96030796,18.6864338314286,18.1712214085714,18.4727965342857,18.4689524614286,18.1743477557143,17.7497949628571,18.3346797014286,18.4896003385714,18.3124118971429,18.3986483628571,18.2943770028571,18.2708997828571,17.9523067571429,18.4689222557143,18.7355920928571,18.4266651271429,18.3863029385714,18.4180794985714,18.4864682628571,17.7053647528571,18.4033949428571,18.1552261185714,17.1814227914286,16.5767780157143,16.9832071314286,17.18973048,17.1940295185714,16.8284384885714,16.7451520128571,16.1883829128571,16.1564402185714,17.1808816471429,17.8849734542857,17.1098153871429,16.2420242285714,16.3439697,17.4379407085714,16.5490820842857,16.60370717,16.52226541
54,NORTE DE SANTANDER,22.7267964371429,22.84182273,23.1933388571429,23.1602008028571,23.2609789828571,23.61696268,23.2172299385714,23.4052263328571,23.3209946657143,23.9161727214286,24.6940885085714,24.5583884714286,24.3213638271429,25.3482532428571,24.0834593614286,24.55412578,25.0956981057143,24.20468824,24.2874859,24.6670757171429,24.2599772385714,25.4617186114286,24.9989244428571,24.9524071014286,24.3289396985714,25.3581557814286,24.7677527357143,25.2059175042857,25.6947007,25.2666576542857,25.2753439571429,25.0034342271429,24.9667541142857,24.7976897714286,25.6429342157143,25.2284590814286,24.4792545957143,24.8266883685714,25.4073750871429,23.8935766828571,24.6032849628571,24.3276214014286,24.0902585228571,23.9837542328571,23.3735790585714,23.3992080057143,23.6879259857143,23.3332775471429,23.0892981714286,22.9989985685714,23.3290783971429,23.0459293371429,22.1257300157143,23.54614811,22.5214155085714,22.9464254128571,23.1097400414286,23.1426849557143,23.1422009314286,23.4590245928571,23.3995419014286,24.1205695885714,23.2343870471429,23.6503853185714,23.66374719,24.0312738971429,24.0229429914286,23.9914835985714,25.2508317542857,25.8568327957143,25.8552082042857,25.1248003757143,24.6629081957143,25.31520255,24.9317889728571,25.4971665214286,25.2915673228571,25.5430332157143,25.2157571128571,24.7352567585714,24.4268572785714,25.68810675,26.4135901357143,25.5958763757143,25.50463424,25.5846103728571,26.3906671242857,26.3000163928571,26.3249268357143,26.53806603,26.4595769614286,26.5167904657143,25.3363597228571,26.0766470771429,25.0299293842857,23.8037538371429,24.4851873,23.7065252214286,24.3497393185714,23.98998349,24.2384282185714,24.07465998,24.3651849114286,24.1168035442857,24.3971057142857,23.4850881071429,23.7989032928571,23.8326141457143,23.7247462257143,24.8873448842857,24.6612009742857,24.6352459185714,25.3426769242857,25.2641906885714,25.5338028542857,26.1887537785714,25.7010115971429,24.8209578085714,25.0344864057143,25.2610933342857,24.9581903028571,24.6140061428571,24.8355393128571,25.8605644342857,25.5785977557143,24.8263044328571,25.0928226371429,24.7697984257143,24.51564373,25.4929750885714,25.2626820414286,24.9900225957143,24.9845357242857,24.6461569085714,25.2485349914286,25.8293293071429,25.8308802757143,25.5241054757143,24.7222400714286,25.0360687928571,24.85706999,25.8621489285714,25.7891804128571
63,QUINDIO,19.8417611142857,20.7075385542857,20.9012564971429,20.6754593242857,20.4585732214286,20.9070600528571,20.9435079385714,20.6579499314286,19.93282249,20.4780221057143,20.6035638842857,21.1110491242857,21.24645058,21.2760212542857,20.5632068842857,20.3400867357143,20.9072748214286,20.33996789,20.7014039185714,20.61909876,20.2846242771429,21.1305259828571,21.0576701685714,20.4013999785714,20.0812132828571,21.1972123514286,21.2721794142857,21.8329995157143,21.8704246114286,21.5006015357143,20.9841133985714,20.8669837714286,20.8687464328571,20.58427166,20.9041266085714,20.6600669528571,20.4101266442857,20.5623384785714,20.5929885985714,19.5198994114286,20.2038476742857,19.8118050142857,19.9131242671429,20.45335363,19.8450518757143,19.9852979014286,20.2008595985714,20.9064804171429,19.9416858457143,20.2278289114286,20.9525488857143,20.9696841371429,20.7358882114286,21.1321454742857,20.1142053242857,20.6986234857143,20.74964396,20.8139599757143,21.6946339614286,21.2192602728571,21.0375278557143,21.8162109142857,20.5148553528571,20.7935117157143,20.6305827328571,20.8794360571429,20.7570844671429,20.6695437385714,21.1845712357143,21.3164390585714,21.5390982957143,21.2674811671429,20.4845691114286,21.10860989,20.5274593171429,21.4764079842857,21.8463470242857,21.8484180428571,21.6491293357143,21.8239820471429,21.2086858171429,21.4182441542857,22.14951106,21.1967473257143,22.0636541271429,21.6458029928571,21.5435808014286,21.4913153314286,21.7486037885714,21.86163583,21.6418212242857,20.912788,20.4181795314286,20.35772443,20.0249733142857,20.1523386242857,20.6474056528571,20.5196523714286,20.7613148857143,21.1887393414286,21.1738315871429,21.0026662814286,21.8063718414286,22.3174820828571,21.9423837014286,21.6781084928571,22.23321138,22.0683907585714,22.0261502285714,22.3486520828571,23.2276814414286,22.0473677642857,22.47953474,22.0276074271429,22.1592543571429,22.53480744,21.9571034285714,21.40507494,21.4821034385714,21.94395358,21.1604696314286,21.0949234657143,20.8904736028571,22.1255836228571,21.3955595685714,20.7069412728571,20.5033401914286,20.8517028285714,20.9269685757143,21.1562438242857,21.4378191728571,21.2188386357143,20.7993619985714,20.9581247357143,21.5909714314286,21.71514027,21.6950409628571,21.1403429457143,20.4607682571429,20.94017011,20.2651462157143,20.7726128557143,20.5067635957143
66,RISARALDA,19.6588347714286,20.8451198757143,20.9045666428571,20.56574732,20.3142193985714,20.7838221714286,20.8308635628571,20.5775709528571,19.8519246928571,20.4389791657143,20.5588649271429,21.1655408942857,21.3186841042857,21.43546484,20.7032108628571,20.3889333842857,20.9107957385714,20.2390561585714,20.6743291542857,20.6147613328571,20.2885899914286,21.1601076671429,21.1190442557143,20.6086465671429,20.2304850971429,21.1541793257143,21.18717781,21.6393016728571,21.6812840385714,21.4391043242857,20.9240525271429,20.8725028114286,20.9288690014286,20.5749083942857,20.8596551414286,20.5416016914286,20.2070963428571,20.3626064071429,20.6931420271429,19.6335676571429,20.3569401957143,19.9666962642857,19.8690442442857,20.5585957628571,19.7878765571429,19.9648522085714,20.3633812942857,20.9760404414286,19.8375658514286,20.21874324,21.0694328585714,21.0841403085714,20.8076915757143,21.18129043,20.0575329514286,20.7324683414286,20.5814274085714,20.5977240428571,21.5965120842857,21.1147032314286,21.1302669657143,21.9819159685714,20.6173877457143,20.91861627,20.68914028,20.9012162814286,20.72800215,20.7318947471429,21.27071444,21.3751410142857,21.70043932,21.3510829385714,20.54859553,21.1210551342857,20.6171824314286,21.6238433028571,22.0283241871429,21.8030048842857,21.5374649485714,21.6081241385714,21.0439875814286,21.3270225957143,22.2099005771429,21.14872049,22.08485857,21.65974537,21.5965767985714,21.3047765071429,21.6148911257143,21.74823834,21.5303779485714,21.3366223614286,20.5548274485714,20.7380872442857,20.2342095714286,20.1307476028571,20.9168180828571,20.5636862014286,20.9022466942857,21.2997145271429,21.3251200042857,21.1222263314286,21.9577574685714,22.4269012014286,21.9342653428571,21.6647222342857,22.2078177442857,22.18976108,21.9912119542857,22.2377516228571,23.1364045314286,21.8982446328571,22.54892211,22.0632665857143,22.2021458171429,22.7317688657143,22.0703243671429,21.4189700985714,21.3867705028571,22.0738366385714,21.1420992985714,20.9892821614286,20.7963136071429,22.2361648557143,21.4666375571429,20.7474365171429,20.5939721171429,20.9356876557143,20.9325838014286,21.1309522485714,21.3158537085714,20.9965824742857,20.6647383657143,20.8744471042857,21.71254142,21.7513128028571,21.7644712128571,21.4641291542857,20.5446462957143,20.9142880385714,20.4597982957143,20.8496035285714,20.7244386457143
68,SANTANDER,21.8923858685714,23.1948141728571,23.3331502457143,23.04927393,22.8691635557143,23.36228559,23.3668491971429,23.0489195785714,22.1619727671429,22.8573395228571,23.4690947028571,23.5081242057143,23.6864123228571,24.5079341557143,23.2168496957143,23.0472248585714,23.7330581014286,22.6283460457143,22.7827853528571,23.0889688642857,22.6786158271429,23.7298855757143,23.4575613342857,23.3043590285714,22.8445394185714,23.8243026585714,23.4594217928571,23.83822069,24.3366020228571,23.8671222842857,23.3189504171429,23.1607327971429,23.1695541914286,22.9366111957143,23.6238933828571,23.1873938942857,22.6818443757143,22.9856728442857,23.5113742471429,22.0768122185714,22.8529879157143,22.5220099857143,22.3148577714286,22.9192885728571,21.9974087142857,22.1834062171429,22.90321646,23.1508313185714,22.0749274214286,22.5381933828571,23.2310554485714,23.1986682185714,22.8469971871429,23.84331473,22.1187267314286,23.1228062,22.8558255385714,22.4705446057143,23.4628772271429,23.4572811685714,23.1621053657143,24.2434954285714,22.8250720957143,23.2042843442857,22.8374594828571,23.2820543257143,22.7792907214286,23.0581001328571,24.0419627857143,24.2701297185714,24.4198849028571,23.6709925071429,23.1016131328571,23.6099476728571,23.3718690814286,24.09481689,24.08104862,24.3160306014286,24.1014157671429,23.4278823771429,23.1485723928571,24.0966331428571,24.7024171714286,23.7023015842857,24.0197839142857,23.95037113,24.3007022885714,24.1410479071429,24.4303398742857,24.6554146442857,24.3709433485714,24.6638526642857,23.4458309,24.2446530257143,23.3284194614286,22.5204929071429,23.6966362971429,22.8157467028571,23.5004120942857,23.5916575214286,24.0660922557143,23.7753185685714,24.35369029,24.4908016714286,24.1431834185714,23.8318012128571,24.1370853985714,24.5880129671429,24.4944297642857,24.9160620071429,25.2516253628571,24.4940707857143,25.2154906557143,24.7923073728571,24.7774383242857,25.7067327171429,24.58803496,23.7712154471429,23.6736516585714,24.2924143442857,23.4085331471429,22.8707438042857,23.1397467985714,24.4765536357143,24.09424133,23.2344426014286,23.4647665885714,23.2275991842857,23.0451296842857,23.9412189,23.8611361971429,23.4425768628571,23.29583741,23.1466374,23.67196598,24.0692137342857,24.0008604342857,23.72106668,22.8364275242857,23.0708802142857,22.8769401971429,23.7547329714286,23.6213233314286
70,SUCRE,26.9389527228571,27.76249374,27.8368409985714,27.6143578642857,28.0107736085714,28.5342051128571,28.1408030285714,27.9088651757143,27.4593610128571,28.4211281142857,27.9940367471429,29.0566319142857,29.1972339014286,30.1614206257143,29.1947683142857,28.7902723714286,28.6912178171429,28.2410513171429,28.30160006,28.2296611842857,27.9041589857143,28.4190425814286,27.9738769271429,28.5490705671429,27.9988274028571,28.5880924814286,28.8948737671429,29.2534305971429,29.29472659,28.29820657,28.0366377014286,27.8784117442857,27.5940238242857,27.2226924314286,27.9008872071429,27.4799085171429,26.9255743428571,27.0490904185714,28.1177104842857,27.0276738428571,26.6446959471429,27.1648246571429,27.1174913871429,27.6268184714286,26.7629784585714,27.53461424,27.4790961471429,27.5454574242857,27.13116053,27.1322385614286,27.8544734271429,28.2241316142857,27.72576993,28.01673779,26.9356618042857,27.6267466028571,28.1663261914286,27.7576281471429,28.6299550385714,28.8720166471429,28.7110255128571,29.09663379,27.90532645,28.3252599114286,28.4245378514286,29.0319559514286,28.7224157614286,29.0063660114286,29.5785874871429,29.3060722928571,29.2412748157143,28.20506424,27.7824674042857,28.2515341228571,27.7580739271429,29.1870581857143,29.5517774371429,29.3302689014286,28.3619464328571,27.9342155542857,28.0044193371429,28.7093778742857,29.1983483357143,28.2373296871429,28.33044594,27.9274335114286,28.2153183314286,28.22725562,28.5244001942857,27.9208457214286,28.4099975428571,28.1435391285714,27.2783058928571,27.7743120057143,27.2951942571429,27.3253964114286,27.7908262871429,26.7998820757143,27.8511109828571,28.4093939728571,28.5532161271429,28.11624155,28.8922271671429,28.5821144828571,28.6133159857143,28.2234978314286,28.3194860342857,28.4531282471429,28.5519033028571,29.2049356128571,29.3470692614286,29.0068684271429,29.2014498257143,29.2467847457143,29.3550526028571,30.1963321028571,29.7007844957143,29.4891990328571,29.0519528642857,29.8977613657143,28.6055246757143,28.3780376157143,28.4150561242857,29.68983609,28.74876169,27.6546493957143,28.0708197014286,27.9030932,27.51083737,28.6816729442857,28.5626870314286,28.1278097914286,27.8646142042857,28.0638854314286,27.9921947757143,28.3057850214286,28.30834637,28.0272836671429,26.9471724842857,27.6040855214286,27.3982278485714,27.5154614014286,27.6175089728571
73,TOLIMA,21.2052464214286,22.44130941,22.7115882642857,22.4386424971429,22.1508854128571,22.5892531571429,22.69455072,22.1053034742857,21.3585117942857,22.0491310557143,22.0590688471429,22.4869148028571,22.8742063057143,23.0789559128571,22.3005071957143,21.8747245757143,22.6524712357143,21.9948603171429,22.33996393,22.3712591557143,21.9345910942857,22.82176662,22.7420201985714,22.2469518771429,21.9892220371429,22.93889379,22.8502341171429,23.6671343871429,23.7711175757143,23.5220939385714,23.2185751071429,23.0691941014286,23.1422891071429,22.7044622928571,23.4067234385714,22.9679701114286,22.5807650071429,22.7558355042857,22.9907223828571,21.6268279157143,22.5950646485714,21.9322627685714,21.7084380585714,22.23781528,21.3919997385714,21.6910678385714,22.0897140071429,22.6573281342857,21.45330743,21.8605280271429,22.6001246471429,22.7355430371429,22.5504882985714,22.99984722,21.5790590542857,22.4140224642857,22.2724992242857,22.2733078942857,23.2532177042857,22.9024566828571,22.6247470442857,23.5375127628571,22.0906172614286,22.4072163628571,22.0681047957143,22.62539979,22.1980076885714,22.2117051428571,22.9470925785714,23.3681481171429,23.4671628157143,23.1163781814286,22.3602484071429,22.99372306,22.4626145357143,23.5135249128571,23.59248166,23.8125360028571,23.6286653571429,23.6657116171429,23.0200878971429,23.4745800171429,24.6117632571429,23.48266588,24.4767643328571,24.2180607742857,24.2791817671429,23.8388401657143,24.3878588114286,24.7258380714286,23.89648256,23.7141548328571,22.4889808971429,23.1051576114286,22.6192022457143,21.8514768242857,22.8626511357143,22.4871245928571,22.6937011057143,23.0117539585714,23.1986490057143,22.8636378685714,23.6450664014286,24.1471522742857,23.4966539371429,23.4724267342857,24.0318259385714,24.0054305014286,23.8600983614286,24.0316059328571,24.9413761257143,23.7266035628571,24.0956184314286,23.7277079314286,23.6226265114286,24.23249407,23.3269163,22.8508715128571,22.7621037042857,23.2975612914286,22.5751119557143,22.7696885985714,22.5323412485714,23.9593421114286,23.2274359085714,22.3984418871429,22.4943697628571,22.5735365114286,22.74304687,23.0654502985714,23.2201859285714,23.1138030457143,22.4807202157143,22.7542509628571,23.8133497814286,23.9486250257143,24.1577435771429,23.6218951414286,22.6526217328571,23.08214883,22.5263291871429,23.2568238628571,22.89406115
76,VALLE DEL CAUCA,22.1960424671429,23.3499178257143,23.7481909614286,23.5277039485714,23.1722888342857,23.6804055385714,23.7190335128571,23.2570415128571,22.5604349042857,23.38957451,22.97907336,23.8034274042857,24.2280385228571,24.41600173,23.8239901857143,23.2702733471429,23.6818574,23.1083652428571,23.5813758042857,23.5216735385714,23.0351995357143,23.8354243214286,23.9214645128571,23.5625054942857,23.0854012614286,23.8551295942857,23.8744092128571,24.6877320257143,24.6598777071429,24.1746832428571,23.9124571128571,23.7690161057143,23.7007413814286,23.5115251314286,23.8739070157143,23.56097727,23.3616667657143,23.4598253185714,24.1239542685714,23.0705063042857,23.64241512,23.1746634428571,22.9380869642857,23.4449282128571,22.5654793628571,22.9475752885714,23.1975373028571,23.7872109271429,22.6802827957143,22.9882250885714,23.8480496942857,24.2060914314286,24.1568556628571,24.0467711028571,22.5732407885714,23.48815876,23.7001686271429,23.3656628428571,24.4987293785714,24.0699189214286,23.9000926371429,24.8074458057143,23.2621369128571,23.5123932785714,23.36690214,23.9029353142857,23.6202698914286,23.7775672914286,24.2423144271429,24.2181901471429,24.4568780042857,24.1140528728571,23.2130047457143,23.9858519428571,23.3839222671429,24.7343683128571,24.9223217185714,24.7969428842857,24.1125057342857,24.2078734514286,23.6134286371429,23.9908499485714,24.9972468371429,24.03740962,24.8181786,24.45482767,24.3796827642857,24.24847219,24.6875480485714,24.94764109,24.76311933,24.5742465614286,23.4294099771429,24.0174241728571,23.5272355857143,22.8540735428571,23.8518787685714,23.3216267185714,23.8146130185714,24.0372748142857,24.3808214928571,23.8956531714286,24.7189956228571,25.3615678757143,24.4840916414286,24.6963312371429,25.3027812485714,24.9939106442857,24.7634491014286,25.0807358428571,25.7462501957143,24.6897800771429,24.8674566957143,24.6110456428571,24.5790618485714,25.3142398228571,24.3635744614286,24.4637882085714,23.9721703314286,24.65764874,23.6665244957143,23.9935050528571,23.6879947285714,25.1678268171429,24.1876793542857,23.37109395,23.4813107428571,23.5425771828571,23.7541829585714,24.07964516,23.64519078,23.7316985371429,23.0915684028571,23.39331334,24.3781441142857,24.5425731271429,24.6081573442857,24.16469718,23.2437385928571,23.8078397757143,23.0878388171429,23.57737244,23.4041970828571
81,ARAUCA,24.8277717128571,25.3238199385714,25.7781835285714,25.8624396414286,26.2004244571429,26.6173217314286,26.4682994185714,26.2600173185714,25.7550046471429,26.8988306857143,27.1458490414286,26.9069726857143,26.2587755742857,26.92065387,25.41525473,25.7913339742857,26.5270493228571,25.2718196357143,25.4141958642857,25.8537859885714,25.05848438,25.6341362985714,24.6292322728571,23.93028221,23.7080851142857,24.9783423428571,24.0045136671429,24.5131186028571,24.9428924271429,24.57576202,25.3071921114286,24.5105814571429,24.34667469,24.7887654985714,25.3871365314286,25.0338654942857,24.9017773985714,25.5597895,25.6148083914286,24.7163065471429,25.1343274428571,25.19190209,25.5381828771429,25.6418645542857,25.4073310342857,25.4938174014286,25.4886076528571,25.7973098685714,25.4643921842857,25.4946313971429,25.5865079685714,25.5274399357143,24.73802861,26.1061156271429,24.9429843785714,25.5159942585714,25.6970727642857,26.0516612814286,26.1612876785714,26.4592985485714,25.9209995057143,26.6594255885714,25.7868728342857,26.2953764842857,25.33443759,26.0023005128571,25.4720992857143,25.3907358271429,26.5927377914286,26.4235098514286,26.0791365157143,25.3737621357143,25.3153504571429,25.2329453014286,24.7017088185714,24.5346940271429,23.9953263285714,24.9017481442857,24.6561702671429,24.3987920828571,24.2552556042857,25.15696391,25.7734751728571,25.5088804757143,24.8765921228571,25.4360657571429,25.5023732871429,26.6222482742857,26.3252455814286,26.2842412985714,27.1825221942857,26.9283074971429,26.1119301714286,26.5503024171429,25.8987948014286,25.7152928057143,25.8942217485714,25.6791130257143,26.3757284942857,25.8516683885714,26.3266759728571,26.1267349714286,26.2089639985714,26.3108739314286,26.6887266957143,26.2805195657143,26.47790714,26.4698170128571,26.9671685685714,27.7749689357143,27.8823879071429,27.74859476,28.3879474757143,28.3634910442857,27.8083828528571,28.8445392014286,27.4828664585714,26.5140450914286,27.0530312885714,26.5017454071429,26.0920915442857,25.3714168042857,25.8714112757143,25.8787273014286,25.9414252857143,24.9252379971429,24.7508191642857,24.3357421771429,24.0462539914286,25.3153963571429,24.7522208557143,24.9592516671429,24.9342147471429,24.1039500414286,24.4679920142857,25.2704109371429,25.1266005642857,25.0838685071429,24.9488633857143,25.0274348057143,25.1347105042857,25.5023087528571,25.9149213257143
85,CASANARE,24.9553304214286,26.59908368,27.0000318942857,27.11200852,27.1900007357143,27.7778865257143,27.9175104057143,27.09829622,26.2021424328571,27.2280147571429,27.1878999114286,27.2049139471429,27.3242828085714,27.6968107342857,26.4594544142857,26.0894258371429,26.9424883385714,25.62339095,25.8612645957143,26.2248633257143,25.4056098714286,25.4848708428571,24.9433898014286,24.2254959757143,24.1637498542857,25.1088809685714,24.4309008857143,25.2002130028571,25.4896564171429,25.1097996985714,25.3161400214286,24.7713754314286,24.5734502142857,24.7509775614286,25.69112745,25.2137590071429,25.1760816714286,25.6187754285714,26.1326220742857,25.1446841357143,25.8521076185714,25.5170759771429,25.6061510828571,26.2241641542857,25.3398461,25.7726012657143,26.1253857742857,26.7311445871429,25.7090068685714,26.0907802471429,26.5954892357143,26.8423897871429,26.5832253985714,27.4656492985714,25.5718970942857,26.8376429685714,26.7776218771429,26.8016505514286,27.7553207814286,27.8436545514286,27.2359865071429,28.3743234442857,26.8848388271429,27.4884584942857,26.1601461571429,26.89614303,26.0234447428571,26.1715504071429,27.3291529328571,27.14781521,26.84004552,26.1744944542857,25.9332983342857,25.5069451471429,24.8713588314286,25.0936960157143,24.6662426185714,25.5444116728571,25.3352534457143,25.0665406171429,24.7164391342857,25.4469820557143,26.1022206371429,25.4213418028571,25.44781407,25.8076795585714,25.7884699371429,26.4721815285714,26.7000525814286,26.8161076842857,27.19747904,27.7194601157143,26.3141003157143,27.1818887057143,26.5000847685714,25.9211267,26.8607359685714,26.4277941785714,26.9841602642857,26.9006624057143,27.6397278128571,27.0846714714286,27.4635745542857,27.7710366271429,27.5415058785714,27.6654037342857,28.0063034985714,28.38400787,28.90419296,29.0152078942857,29.6178365257143,28.7135173114286,29.5270862942857,29.2110678228571,28.3781554485714,29.8261938328571,27.6834471285714,26.6594085728571,26.8726318771429,26.9391196942857,26.07620531,25.7893500885714,26.0327558342857,26.9197546614286,26.5251312542857,25.1975719528571,24.9529289957143,24.4692980528571,24.45223713,25.4183076685714,25.07989183,25.29279754,24.9035084585714,24.5178443342857,24.9127305671429,25.4246360942857,25.43022662,25.1584268471429,24.9369801071429,25.0706342457143,25.1003913814286,25.48140938,25.8139868442857
86,PUTUMAYO,22.4149104657143,23.4087299985714,24.0152200985714,24.3634512371429,23.3070156128571,23.3377221857143,23.6941509871429,23.1046085585714,22.3859519042857,23.5989124114286,22.0802053057143,23.4582991828571,23.4057552485714,23.2418757585714,22.9711593428571,22.9859884128571,22.91680765,23.1884801014286,23.2249031085714,23.1555236528571,22.3579568671429,23.3191159457143,23.2812205571429,22.7613758242857,22.6349323571429,22.5792151842857,22.3869863485714,23.4016918085714,23.2307968742857,22.88550303,23.1744962228571,22.6396352242857,22.1119099714286,22.6128597342857,23.3795705542857,23.2191279914286,23.6218137985714,23.6130609242857,24.2384979985714,24.1097728971429,24.3403942128571,23.8092519871429,24.0556962657143,24.2876403528571,23.6855147671429,24.1473613628571,24.0028602228571,24.3864587442857,23.7439840828571,24.0218108442857,24.4086850457143,24.5425778542857,24.2224084785714,23.9140571757143,22.6795514614286,23.3858433171429,23.7039067171429,23.55994377,23.98485844,23.7935868514286,23.3719212385714,23.7678273042857,22.6706102628571,22.7810339485714,22.6090092342857,23.1491379471429,23.1477311614286,23.2802193985714,23.3518294614286,23.2205676285714,23.19088625,23.0206928671429,22.4292245542857,23.7487084314286,22.7967704085714,23.8827414528571,23.8257097642857,23.93436471,22.93323194,22.7525082428571,22.5965820171429,22.9010019971429,23.9032664685714,23.2685889128571,23.2087454585714,23.41931158,23.41712624,24.3476598728571,24.5561653185714,24.7398909171429,24.9077361785714,25.15494172,24.1594425928571,24.6839766114286,24.41069453,23.8473711628571,24.9214983785714,24.5136128142857,25.3121755914286,25.0457970771429,25.5047835042857,24.7591338214286,25.4922250271429,26.0291643342857,24.5457534414286,25.4764248342857,25.7154501357143,25.2598009114286,24.5174613885714,24.8601241285714,25.0554195257143,24.5813446242857,24.3040028557143,24.4309938285714,23.9615852357143,24.1343131714286,23.8880345628571,24.4270091657143,23.9322679642857,23.7639406257143,23.6492441914286,24.2139689971429,23.7304119785714,24.2228582485714,23.6484573071429,22.8539235714286,22.7644501585714,22.7654293228571,23.0827305614286,23.4397687385714,22.4953221057143,22.8272234885714,22.03864969,22.0562133271429,23.0991654628571,23.7381820142857,23.3701844414286,22.6629010971429,22.6451306271429,23.7657292514286,23.2663700457143,23.1336833171429,23.38727031
88,ARCHIPILAGO DE SAN ANDRS; PROVIDENCIA Y SANTA CATALINA,26.2698412728571,26.90476191,26.3095238128571,26.9047619085714,26.8253968285714,27.0634920685714,26.9444444485714,26.6269841314286,27.5396825414286,27.2619047628571,26.7460317485714,27.6984127014286,27.5000000028571,28.3333333357143,27.8174603185714,27.6984127,27.8174603214286,27.8968254,28.0555555571429,28.4920634942857,27.3412698442857,28.3333333357143,28.2936507957143,26.8650793685714,27.4206349242857,28.2539682571429,28.1746031771429,28.5714285728571,28.2539682557143,28.4523809514286,28.4126984128571,28.5714285742857,27.6984127014286,27.3412698457143,27.8174603214286,27.4206349242857,26.9047619085714,28.1349206385714,28.6904761928571,26.7857142885714,27.1031746057143,27.7777777814286,27.6190476228571,27.3015873057143,27.1031746085714,28.2142857171429,27.81746032,27.0634920671429,26.1904761957143,26.3492063528571,27.81746032,27.5396825428571,27.4603174642857,27.3412698442857,26.5079365114286,26.58730159,26.9841269871429,26.1111111157143,26.3492063514286,27.2619047642857,27.1428571457143,27.2619047642857,27.2619047628571,27.2619047642857,27.3809523842857,27.6190476228571,27.97619048,27.8968254,28.4126984142857,27.9761904771429,28.2936507957143,27.93650794,28.0952380971429,28.3333333342857,26.66666667,28.4126984142857,28.3730158771429,27.8968254014286,28.1746031785714,27.3412698442857,28.0555555585714,28.4920634928571,28.5714285742857,28.4126984142857,28.96825397,28.6904761928571,29.1269841285714,29.0873015885714,28.8095238114286,27.4603174642857,28.2936507971429,28.17460318,27.81746032,28.7301587328571,29.3253968257143,28.3730158785714,26.9444444485714,26.8253968285714,28.0555555571429,27.5793650828571,28.4523809528571,27.9761904771429,28.2936507942857,27.8174603214286,27.4603174628571,27.0238095257143,27.77777778,27.1428571471429,26.9444444485714,26.5079365142857,27.5000000014286,27.5000000042857,27.0634920657143,27.0634920657143,27.6587301614286,27.8174603214286,27.97619048,28.2142857171429,28.2539682571429,28.6507936514286,28.7698412714286,29.2063492085714,28.88888889,29.3253968271429,29.2063492085714,28.3730158771429,28.5714285742857,28.4126984157143,28.2539682557143,28.9682539714286,28.7301587314286,28.6507936542857,27.4206349257143,27.3412698457143,28.5714285728571,29.2063492114286,29.2857142857143,28.92857143,29.0079365057143,28.4920634914286,27.9365079357143,27.6984126985714,28.6111111114286
91,AMAZONAS,25.5123524785714,25.4269292128571,27.1647410271429,26.8895508571429,26.2505303071429,26.5202103971429,26.9494238657143,26.2961281328571,26.26441263,26.9402717128571,26.1718997814286,26.4146313985714,26.5408885042857,26.6589646828571,26.3337897214286,26.7054617314286,26.6625851585714,26.7182236957143,26.5017497971429,27.0930405657143,25.47704366,26.7211476314286,26.8391442828571,25.59364057,25.8546115771429,24.7674929585714,24.5719686714286,25.98954078,25.8180790157143,25.9061634342857,25.7932712,25.6905267028571,26.11400829,26.4053146728571,27.0444049414286,26.43542012,27.0588032042857,27.2772339828571,26.8363209814286,26.3336843228571,26.7533792728571,26.5388329228571,27.1422592342857,27.0680820457143,27.0854168357143,27.4651179528571,26.8687549285714,27.4276387928571,27.2425673157143,27.2607395357143,26.7007026742857,26.5379902228571,25.6929813628571,26.4703800128571,25.54367575,26.0489092628571,25.9666237828571,27.2841805914286,27.0974629814286,26.3730831785714,26.1250619657143,26.6997217557143,25.66635768,26.4263421257143,26.1129350342857,26.4964499071429,25.8351979757143,26.4291139585714,26.55233937,26.7864547414286,26.3999896971429,26.3872280457143,26.5167089971429,26.8224314014286,25.6867018928571,25.7388518657143,25.3362529171429,26.3793109628571,26.11053198,25.8837663157143,25.8051399471429,26.3208765542857,27.1286196285714,26.5508879128571,26.3893167742857,27.1588703914286,26.2908724657143,28.421617,27.8302671285714,27.7436685028571,28.0421738914286,27.9704920485714,26.9936356271429,27.2914785771429,27.5038862642857,27.0590702185714,27.5086084714286,28.5847647728571,28.1985545914286,27.1669815085714,27.8026220171429,27.13033524,27.0547873057143,27.5545898042857,27.46037107,28.2177778828571,28.1408630514286,28.0190506528571,27.2872089785714,27.53206059,28.0427137571429,27.1937333685714,27.9826965257143,27.9457550328571,27.5134424071429,27.42127674,26.8127173457143,27.5121049442857,27.28125752,26.6279232971429,26.82068586,26.6619455942857,27.4539406871429,27.3139092614286,26.40877303,25.6586313385714,25.4543164514286,25.0390001142857,25.7376019985714,25.9723274385714,25.9281696714286,26.4726734042857,25.7130809042857,25.89727123,26.4859114814286,26.6796347642857,27.03632767,25.56246113,25.9906407685714,26.1791142371429,26.8447200971429,26.4729828728571,27.2777961757143
94,GUAINIA,26.0992569957143,27.1898581814286,28.0573150471429,27.8305510414286,28.0105169171429,28.49974477,28.6372645942857,28.2087130028571,27.32335661,28.4033658385714,28.4717156114286,27.9969125042857,27.4517047385714,28.2418250471429,26.8183618757143,27.1834913671429,27.9321338014286,26.7489933857143,27.0474190114286,27.7979471642857,26.36463169,27.6526043885714,26.63160824,25.4813751914286,25.8619222642857,26.2621290014286,25.4419391542857,26.1827511028571,26.7156293814286,26.4757173571429,26.43376768,25.9088902414286,26.1309803957143,26.6149423728571,27.2981636557143,27.1051824528571,26.9356356014286,27.7616929428571,27.2773469685714,26.1860417828571,26.8034926828571,27.03103087,27.1707105985714,27.37149666,27.2223076342857,27.3844968714286,27.2104156571429,27.9764503857143,27.5829113885714,27.7189596614286,27.3331560471429,27.2071371657143,26.6212339585714,28.1377605757143,26.8207361842857,27.6840673628571,27.3178179728571,28.30987405,28.1779186328571,28.1988067057143,27.4534108042857,28.3400828828571,27.4914717514286,28.2574994228571,27.38367338,27.5978070528571,26.76813418,26.5171910642857,27.8819669985714,28.1584828,27.4501885942857,26.4310574357143,26.9469737314286,26.8383798842857,26.5936089242857,26.0117837985714,25.0945431757143,26.6716712371429,27.0148001742857,26.1657634642857,25.9549632814286,26.8491262557143,27.2325099114286,26.8772492457143,26.4321949828571,27.3059477328571,26.87783636,28.5309080842857,28.2943359385714,28.3998785671429,28.2270354771429,28.5766105785714,27.5435798285714,28.0746112342857,27.7802880671429,27.3101802514286,27.6841498585714,28.1953527628571,28.2193678471429,27.4812961814286,28.2170615114286,27.9288207157143,27.2656983757143,27.9018916485714,28.4353651985714,28.5048822657143,28.2261724942857,28.8580154242857,28.9688847371429,29.2479436514286,29.8385584614286,29.5706157142857,30.0407061442857,29.7627295614286,29.06242355,29.9876605628571,28.3761887285714,27.5608480428571,28.1310834385714,26.8530260928571,26.6591765,26.2453973442857,27.0065679471429,27.1346153357143,26.5581091057143,25.97890987,26.4679950185714,25.6561347671429,25.6384540557143,26.2327044985714,26.4888391271429,27.0005348542857,26.4753951485714,26.2900583957143,26.0641257085714,26.60754881,27.1173924414286,26.3246848457143,26.6704950814286,26.2807947,26.8533416928571,27.0235508071429,27.7776260314286
95,GUAVIARE,26.8464996471429,29.71544554,30.25495745,29.7490240914286,29.3028626042857,30.0177441542857,30.4254626185714,29.0822106085714,27.7104762471429,28.9073842542857,28.2196003442857,28.3895010957143,29.06037343,29.2198806171429,28.2881897528571,27.5226322828571,28.5681119957143,27.7836796142857,28.1974360342857,28.63928737,27.5011368957143,27.7799488371429,27.5989804171429,26.9998724828571,26.9824038642857,26.7349964028571,25.95007997,27.1935242114286,27.3006005485714,26.8966050014286,26.5175441571429,26.1287165885714,26.0590506142857,26.2114504742857,27.9013158514286,27.4655467314286,27.38259629,27.7192642885714,28.6161726557143,27.5265077328571,28.5124932342857,27.8215573128571,27.5371557342857,28.52805566,27.29879031,27.93921113,28.5477770042857,28.7388764571429,27.2158533185714,27.7981120185714,28.2671325614286,29.3986375342857,30.4035935014286,30.6591230128571,27.8296694528571,29.8540831128571,29.0649328128571,28.8661081828571,30.3809259657143,30.2612715557143,29.27127647,30.6664664385714,28.7798442614286,29.4922726885714,27.8140027928571,28.5374652942857,27.4292012928571,27.7874659057143,29.0633323185714,29.8367962671429,29.5377562642857,28.9176367071429,28.5648464271429,28.1858092414286,27.37910728,28.1465776442857,27.4918353014286,27.8959347371429,27.29529657,27.0048389114286,26.5232948542857,27.0688497,27.51300146,26.7315165457143,26.9354600471429,27.4464215242857,27.7046171514286,28.5753779714286,29.1074184814286,29.53402708,29.0859274028571,30.6087024914286,28.27094384,29.8360377114286,29.2309348842857,27.7764389385714,29.66684045,29.0789136071429,29.4953705628571,28.8817051442857,29.7069127014286,28.7931782042857,29.1256086114286,30.0872626357143,30.0959617214286,31.2049055157143,31.4873844628571,32.3092241757143,31.7835735757143,31.2752782057143,32.1721122628571,30.7831608657143,31.21770741,30.7975523114286,29.8980795957143,31.5293286957143,29.0425938871429,28.21941117,27.87226534,28.2563511271429,27.3152152071429,28.1904925,28.2543256014286,29.8235078014286,28.8154207385714,27.3373893371429,27.4693548571429,26.7998006642857,27.1313430371429,27.4960733357143,26.6608140714286,27.1077130414286,26.23591333,26.3492973228571,26.5428264571429,26.8084494957143,27.1151464157143,25.7180173657143,26.16262988,26.6169493985714,26.2015389642857,27.2628477171429,27.0781484571429
97,VAUPES,25.4256114171429,26.0045928957143,27.1389371357143,27.0626890457143,26.8058937771429,27.15104467,27.4005738271429,26.7921744528571,26.4211079785714,27.3477541042857,26.9890223957143,26.7228335257143,26.7004517628571,26.9922861228571,26.12978046,26.4313214985714,26.8753930585714,26.2534866342857,26.2838014028571,26.8196357242857,25.4758433971429,26.6627300257143,26.1693564771429,25.01869374,25.3324923685714,25.0529238885714,24.3274652157143,25.3686119357143,25.5158287542857,25.2974197414286,25.41625143,24.9640445671429,24.9925096428571,25.4746966842857,26.38437624,26.0552931657143,26.3845138428571,26.86593418,26.3104059414286,25.6091977,26.0625047142857,25.9988351842857,26.5036839214286,26.7606166228571,26.5762552642857,26.87240095,26.54306988,26.7969002685714,26.5865268571429,26.5721603014286,26.1779949357143,26.2273405942857,25.8406724042857,26.9245352742857,25.7692172985714,26.4955036071429,26.29684947,27.2901031614286,27.1995780714286,26.9725934642857,26.6202854785714,27.3397854071429,26.3549562542857,27.0089558685714,26.2533721414286,26.7298447157143,26.0326001214286,26.06279453,26.8465608514286,26.9541968385714,26.4083173185714,25.9165880085714,26.1448308028571,26.3606383428571,25.7258733571429,25.5935033257143,24.9234870328571,25.9037520371429,25.7329900485714,25.36027534,25.1825254014286,25.69433956,26.2273649071429,25.77047235,25.4548338428571,26.23441034,25.78118015,27.6362871771429,27.4133940128571,27.4225957185714,27.56415164,27.3529211228571,26.5618804014286,26.8288080257143,26.8288484885714,26.7516268085714,27.13983723,27.7763251342857,27.7355049485714,26.6701214014286,27.0727392728571,26.6921259257143,26.4711968328571,27.0361546,27.5216330257143,27.8651426457143,27.8427384314286,27.95498218,27.7645824,28.03316619,28.5804029228571,28.0778940928571,28.67037228,28.6429719642857,27.9251094057143,28.4602491971429,27.2450129785714,27.0818663371429,27.2722114242857,26.36804933,26.3363255242857,26.1013561442857,26.66911215,26.6941595014286,26.0885739428571,25.4619484728571,25.60378459,25.0015168214286,25.3190635585714,25.7252779385714,25.3494310057143,25.9595356585714,25.2658486385714,25.1317102614286,25.2331444328571,25.6976076214286,25.9247913714286,24.7470480585714,25.4782911328571,25.5749227514286,25.68970201,25.9752727271429,26.5012121871429
99,VICHADA,26.6148692885714,28.1419029914286,28.70559647,28.5643599114286,29.0093956928571,29.5874673014286,29.67908669,29.1594430942857,28.1205277842857,29.4106719628571,29.3547688171429,29.1618299171429,28.7459731542857,29.6022159228571,28.0096967142857,27.9724089228571,28.7404228085714,27.1975157285714,27.6066474242857,28.2488771985714,27.0068530771429,27.7425314128571,26.6432194714286,25.7141928757143,25.8994790185714,26.6596264714286,25.7632959842857,26.4000895628571,26.9402792085714,26.62105529,26.86232289,26.1917846671429,26.2491455871429,26.7270809928571,27.5452377142857,27.3275262314286,27.0395803471429,27.8723466428571,27.7677735328571,26.6224125657143,27.1963321728571,27.38188613,27.4693322028571,27.9657164371429,27.5548532257143,27.8169256742857,27.8717469457143,28.5530038228571,27.8792784114286,28.1216906585714,28.0790490857143,28.1722138785714,27.73523459,29.0221227785714,27.4138029928571,28.48995717,28.3960987385714,28.9173318185714,29.2511594628571,29.4489148428571,28.7108715014286,29.7736280442857,28.6765638728571,29.4331192328571,28.2450922971429,28.6741208414286,27.7066254942857,27.5800266785714,29.0452099271429,28.8729592128571,28.2464679071429,27.1359251285714,27.4636448857143,27.07122814,26.7631370671429,26.3732986842857,25.5223527414286,26.9067671457143,27.0023063914286,26.26549063,26.05015795,26.9821313585714,27.4821054128571,27.1183904,26.6775933142857,27.42867158,27.2590678071429,28.6252571771429,28.58700599,28.6920498485714,28.66607824,29.1069313814286,27.9093113042857,28.6320678357143,28.12824195,27.7744101314286,28.3890372557143,28.3978717957143,28.7518704542857,28.2094918714286,29.0289461757143,28.6264297857143,28.2221895842857,28.7927279128571,29.0976306728571,29.1700154414286,29.0323762771429,29.6761205985714,30.213076,30.4558253714286,31.0260997628571,30.6284006942857,31.1576615557143,30.8919829871429,30.11212842,31.5359354414286,29.4947048128571,28.41256199,28.8471687157143,28.0550942014286,27.4227374757143,26.89422081,27.4783102828571,27.8701220028571,27.3527482914286,26.4367546428571,26.75389739,25.9998875728571,25.8126090085714,26.62171686,26.5521931871429,26.9964696557143,26.5991510728571,26.2567885885714,26.2072131542857,26.8462621114286,27.2135850757143,26.7448206942857,26.8839095814286,26.6485620971429,27.0486913471429,27.33332454,27.9747862557143
999,NN,12.75965449,12.4486166371429,13.1138810728571,13.1233679628571,12.3808146957143,12.6487842228571,12.8807604342857,13.0149942857143,12.3084422471429,12.7746572557143,12.7321461928571,13.1872444528571,12.5397288785714,12.65717093,12.38964173,12.9577907871429,13.0234601657143,12.9638956014286,12.8181139371429,12.8683390514286,12.4668998,13.2014287042857,12.7874578585714,11.5836829942857,11.9750597057143,12.3628189142857,11.8369514242857,12.0078704642857,12.1080324957143,12.0951608942857,12.2519323114286,12.2049771914286,11.7671724057143,12.1784432728571,11.6623705842857,12.1789577471429,12.7702405114286,12.78984125,11.9546572528571,12.4424996671429,13.0039670114286,12.6685834714286,12.8645777442857,13.04548459,13.00355651,12.4921459357143,12.5386777714286,13.0404407,12.8476081242857,13.07187429,12.7976721142857,12.2345644985714,12.07064801,13.2460530971429,12.8929153671429,12.78640655,13.0307614057143,13.2140564157143,13.24642876,12.5432927685714,12.8584551071429,13.4066005028571,12.6651557328571,12.3490935057143,12.9460876742857,12.5981342457143,13.1623728885714,12.6638892757143,12.7140512514286,12.8319998257143,13.1144827585714,13.1337403185714,12.53590314,12.7514886742857,12.4017934242857,12.5221992214286,12.6040140957143,12.1787698942857,12.6468362557143,12.6473247128571,12.2009216142857,12.06503033,13.2112736814286,12.7851527814286,12.7993022842857,12.6597518285714,12.20800364,13.2377902042857,12.6107658471429,12.9301500557143,13.32043877,12.7888367271429,13.4966058042857,12.5705163771429,12.6224115457143,12.8436515542857,13.1999364857143,13.4987655742857,13.7227997428571,13.1585323157143,12.5007265114286,13.3292306685714,13.4075925071429,14.2854036914286,14.47027075,14.0885132514286,14.0925079057143,14.0389653428571,13.6078458642857,14.3257305171429,14.8094981114286,14.6930968128571,14.8555120571429,14.2259665985714,14.6100969342857,13.8522807285714,14.5366699857143,14.1109530414286,14.5518929142857,14.1410168214286,14.4748014942857,13.7885130885714,13.1924639471429,13.6591371442857,13.7490783428571,12.9204943057143,11.9006734414286,12.4379464242857,12.7187875157143,12.3651914542857,12.43493055,12.3973841828571,11.8348201028571,11.6681895285714,12.94994791,13.60123694,12.83239751,12.0269298328571,12.4718304385714,13.3129723042857,12.3134984114286,12.53320189,12.3771403942857
5,ANTIOQUIA,19.8711666528571,21.5032489185714,21.39089867,20.8316594028571,20.8615721228571,21.4557283814286,21.4023080614286,21.2324833171429,20.1342944314286,20.9322135185714,20.8559444857143,21.8476344528571,22.0063260971429,22.7482357785714,21.9582074842857,21.4371184628571,21.7581016828571,20.8675451328571,21.2375447942857,21.3354310728571,21.07505856,22.0220384114286,21.8886585385714,22.0356973728571,21.56736173,22.0512785842857,22.0364547471429,22.0800091371429,22.2826790457143,22.1020056057143,21.3792945885714,21.3642217114286,21.54534944,21.1453645971429,21.66079698,21.33228152,20.8216093871429,21.0271540542857,21.6636196671429,20.5769658557143,21.1548565128571,21.0314067414286,20.39674814,21.43480456,20.3215458971429,20.6234628528571,21.3999947314286,21.2912039,20.1033813342857,20.5478983771429,21.35868511,21.4174559471429,21.0504411942857,21.69143085,20.4634846271429,21.2240997357143,20.9263969857143,20.7522593357143,22.1766373385714,21.6554740271429,21.7189914228571,22.7548249471429,21.3235298585714,21.57568501,21.54874467,21.7071560128571,21.4241857442857,21.7954143757143,22.2257038571429,22.3168520842857,22.8070604014286,22.1751285685714,21.3282892957143,21.8246768628571,21.7027769685714,22.7028322314286,23.0206247342857,22.5384724771429,22.4082862042857,21.9438640028571,21.5524986585714,22.1348400528571,22.9209903042857,21.6319836,22.5081883242857,22.1247711714286,22.6322113642857,21.8469311228571,22.3007874128571,22.5661562214286,21.9931401557143,22.78149405,21.4720126871429,22.2441774185714,21.3976789928571,20.7389058342857,22.1645967928571,21.1525769471429,21.8640941057143,21.8543435142857,21.7646882614286,21.5954377028571,22.2954172971429,22.6443498014286,22.3157698071429,21.9712196885714,22.1987110585714,22.6816051728571,22.6029939642857,22.73365009,23.4645144157143,22.4144890614286,23.2709574657143,22.6928684757143,22.8294110171429,23.5170689214286,22.9968055285714,22.5600884,21.9123357414286,23.1466878514286,21.8279999771429,21.4312342357143,21.3422599685714,23.0849680657143,22.4192359671429,21.5408742571429,21.6277718228571,21.8833209385714,21.6520991785714,22.0434943114286,22.1731030042857,21.4669479928571,21.37271884,21.7403752471429,22.6051823942857,22.46388303,22.37697094,21.65356768,20.8382647,21.2567544585714,20.8467751971429,21.6027780457143,21.1509668585714
8,ATLANTICO,27.3220044657143,27.6731879042857,27.7287542942857,27.5714093142857,27.9795932957143,28.4496472957143,27.6848551942857,27.6681923371429,27.5540929428571,28.2575329771429,28.0806143985714,28.7505326271429,28.7181340942857,29.8343214971429,28.8118286514286,29.1847410857143,29.5096572228571,29.1841545128571,29.4549550671429,29.4373025728571,29.0547716471429,30.1562806342857,30.0552735442857,30.3096958,29.9335721628571,30.0036206757143,30.2736011385714,30.6948858485714,30.7142392642857,29.9474635671429,29.3917815385714,29.6255169285714,29.4374157271429,28.7089300671429,30.1432007871429,29.82947672,28.6182225985714,28.5500774528571,30.36649016,28.6155405857143,28.4334727414286,28.9324253814286,28.33837568,29.1501657571429,27.8860837028571,28.8678796271429,29.0738768442857,28.8810753385714,28.28181211,28.2618862042857,28.9745549557143,28.90689583,27.4448327385714,27.9405890742857,27.17853218,27.5570145157143,28.0641157214286,27.8614239285714,28.2912835857143,28.6465826314286,28.0792522485714,28.13585662,27.3694566142857,27.8900155871429,28.4347684171429,28.9081085428571,29.1203915928571,28.9792920328571,29.8437425485714,30.4740185028571,30.2030929085714,29.4587480542857,29.0794819471429,29.9609737728571,29.5214978942857,31.0610589357143,31.3127084714286,30.6010000328571,29.6753573485714,29.4153108485714,29.39547404,30.2716094085714,30.8958276742857,30.0782188285714,30.1985739971429,29.50048583,31.1387038028571,30.4826107428571,30.8541022957143,30.3453374185714,30.14676567,30.5380173057143,28.8925309514286,29.9069786157143,29.27234014,28.4598515814286,29.5882874571429,27.8755734442857,29.24667492,29.8940373114286,29.9515272985714,29.5110898871429,29.9555647857143,29.2854007171429,28.5589335357143,28.0227265971429,27.86944717,28.2102231942857,27.8846763385714,28.7740372342857,28.6906895614286,28.72824042,28.7322863171429,28.5447337785714,28.9431804642857,29.45706887,29.4780841542857,29.6005446371429,29.1915812714286,29.94961633,28.8849596114286,29.23807148,29.5025189057143,30.9081989785714,29.7444761042857,28.8989926057143,29.8343510857143,29.4390658014286,29.11597636,30.1269753371429,29.8487004042857,29.3745264428571,29.1638215585714,29.3982643557143,29.3129743971429,29.84870044,30.21853018,29.65095228,28.55886922,29.4188796628571,28.8080177171429,29.6150469714286,29.2666860271429
